source_row,timestamp,tag_name,alarm_type,severity,value,status,timestamp_raw,tag_name_raw,severity_raw,status_raw,value_raw,quality_flags,value_type
416,2026-09-02 07:07:18,P-101,NORMAL,LOW,RUNNING,CLEARED,2026-09-02 07:07:18,P-101,LOW,CLEARED,RUNNING,INVALID_NUMERIC_VALUE,STATE
758,2026-09-28 06:35:12,V-101,NORMAL,LOW,57.41,CLEARED,2026-09-28 06:35:12,V-101,LOW,CLEARED,57.41,,NUMERIC
849,2026-09-06 13:26:25,TT-101,NORMAL,LOW,63.18,CLEARED,2026-09-06 13:26:25,TT-101,LOW,CLEARED,63.18,,NUMERIC
872,2026-09-26 07:10:15,LT-101,NORMAL,LOW,70.84,CLEARED,2026-09-26 07:10:15,LT-101,LOW,CLEARED,70.84,,NUMERIC
992,2026-09-25 11:56:51,PT-101,NORMAL,LOW,6.47,CLEARED,2026-09-25 11:56:51,PT-101,LOW,CLEARED,6.47,,NUMERIC
1010,2026-09-21 04:06:26,M-101,NORMAL,LOW,20.42,CLEARED,2026-09-21 04:06:26,M-101,LOW,CLEARED,20.42,,NUMERIC
1045,2026-09-15 13:35:48,TT-101,NORMAL,LOW,48.09,CLEARED,2026-09-15 13:35:48,TT-101,LOW,CLEARED,48.09,,NUMERIC
1111,2026-09-11 22:13:39,PT-101,NORMAL,LOW,4.63,CLEARED,2026-09-11 22:13:39,PT-101,LOW,CLEARED,4.63,,NUMERIC
1222,2026-09-20 01:12:22,P-102,NORMAL,LOW,,CLEARED,2026-09-20 01:12:22,P-102,LOW,CLEARED,,MISSING_VALUE,NULL
1275,2026-09-24 15:12:24,LT-101,NORMAL,LOW,52.28,CLEARED,2026-09-24 15:12:24,LT-101,LOW,CLEARED,52.28,,NUMERIC
1649,2026-09-06 04:51:57,FT-101,NORMAL,LOW,29.22,CLEARED,2026-09-06 04:51:57,FT-101,LOW,CLEARED,29.22,,NUMERIC
1769,2026-09-07 19:19:27,LT-101,NORMAL,LOW,61.45,CLEARED,2026-09-07 19:19:27,LT-101,LOW,CLEARED,61.45,,NUMERIC
2023,2026-09-04 22:09:50,PT-101,NORMAL,LOW,5.81,CLEARED,2026-09-04 22:09:50,PT-101,LOW,CLEARED,5.81,,NUMERIC
2496,2026-09-16 10:53:58,P-102,NORMAL,LOW,RUNNING,CLEARED,2026-09-16 10:53:58,P-102,LOW,CLEARED,RUNNING,INVALID_NUMERIC_VALUE,STATE
2523,2026-09-09 20:13:08,FT-101,NORMAL,LOW,28.51,CLEARED,2026-09-09 20:13:08,FT-101,LOW,CLEARED,28.51,,NUMERIC
2731,2026-09-02 21:54:55,PT-101,NORMAL,LOW,5.1,CLEARED,2026-09-02 21:54:55,PT-101,LOW,CLEARED,5.1,,NUMERIC
2837,2026-09-12 19:48:05,P-101,NORMAL,LOW,STOPPED,CLEARED,2026-09-12 19:48:05,P-101,LOW,CLEARED,STOPPED,INVALID_NUMERIC_VALUE,STATE
2845,2026-09-14 01:54:41,FT-101,NORMAL,LOW,34.4,CLEARED,2026-09-14 01:54:41,FT-101,LOW,CLEARED,34.4,,NUMERIC
2888,2026-09-29 17:21:38,V-101,NORMAL,LOW,90.09,CLEARED,2026-09-29 17:21:38,V-101,LOW,CLEARED,90.09,,NUMERIC
3050,2026-09-24 21:23:17,TT-101,NORMAL,LOW,56.33,CLEARED,2026-09-24 21:23:17,TT-101,LOW,CLEARED,56.33,,NUMERIC
3104,2026-09-19 21:24:01,TT-101,NORMAL,LOW,62,CLEARED,2026-09-19 21:24:01,TT-101,LOW,CLEARED,62.0,,NUMERIC
3133,2026-09-26 15:09:51,FT-101,NORMAL,LOW,29.89,CLEARED,2026-09-26 15:09:51,FT-101,LOW,CLEARED,29.89,,NUMERIC
3142,2026-09-30 12:05:32,P-102,NORMAL,LOW,RUNNING,CLEARED,2026-09-30 12:05:32,P-102,LOW,CLEARED,RUNNING,INVALID_NUMERIC_VALUE,STATE
3175,2026-09-30 02:20:40,V-101,NORMAL,LOW,87.67,CLEARED,2026-09-30 02:20:40,V-101,LOW,CLEARED,87.67,,NUMERIC
3183,,P-102,NORMAL,LOW,RUNNING,CLEARED,,P-102,LOW,CLEARED,RUNNING,INVALID_TIMESTAMP;INVALID_NUMERIC_VALUE,STATE
3408,2026-09-14 01:51:14,M-101,NORMAL,LOW,27.61,CLEARED,2026-09-14 01:51:14,M-101,LOW,CLEARED,27.61,,NUMERIC
3449,2026-09-30 10:04:21,LT-101,NORMAL,LOW,68.16,CLEARED,2026-09-30 10:04:21,LT-101,LOW,CLEARED,68.16,,NUMERIC
3477,2026-09-16 23:15:21,PT-101,NORMAL,LOW,4.13,CLEARED,2026-09-16 23:15:21,PT-101,LOW,CLEARED,4.13,,NUMERIC
3543,,P-102,NORMAL,LOW,RUNNING,CLEARED,not-a-date,P-102,LOW,CLEARED,RUNNING,INVALID_TIMESTAMP;INVALID_NUMERIC_VALUE,STATE
3575,2026-09-17 17:57:21,PT-101,NORMAL,LOW,4.85,CLEARED,2026-09-17 17:57:21,PT-101,LOW,CLEARED,4.85,,NUMERIC
3994,2026-09-30 18:08:45,PT-101,NORMAL,LOW,5.5,CLEARED,2026-09-30 18:08:45,PT-101,LOW,CLEARED,5.5,,NUMERIC
4128,2026-09-27 22:56:55,TT-101,HIGH_TEMPERATURE,HIGH,90.14,CLEARED,2026-09-27 22:56:55,TT-101,HIGH,CLEARED,90.14,,NUMERIC
4137,2026-09-29 17:30:24,FT-101,NORMAL,LOW,32.82,CLEARED,2026-09-29 17:30:24,FT-101,LOW,CLEARED,32.82,,NUMERIC
4155,2026-09-28 20:22:01,FT-101,NORMAL,LOW,36.12,CLEARED,2026-09-28 20:22:01,FT-101,LOW,CLEARED,36.12,,NUMERIC
4188,,P-102,NORMAL,LOW,RUNNING,CLEARED,32/15/2026 25:99:99,P-102,LOW,CLEARED,RUNNING,INVALID_TIMESTAMP;INVALID_NUMERIC_VALUE,STATE
4467,,P-102,NORMAL,LOW,STOPPED,CLEARED,32/15/2026 25:99:99,P-102,Low,CLEARED,STOPPED,INVALID_TIMESTAMP;INVALID_NUMERIC_VALUE,STATE
4524,2026-09-12 05:54:58,LT-101,NORMAL,LOW,60.63,CLEARED,2026-09-12 05:54:58,LT-101,LOW,CLEARED,60.63,,NUMERIC
4617,2026-09-04 15:28:40,FT-101,NORMAL,LOW,38.17,CLEARED,2026-09-04 15:28:40,FT-101,LOW,CLEARED,38.17,,NUMERIC
4661,2026-09-30 03:05:22,FT-101,NORMAL,LOW,21.14,CLEARED,2026-09-30 03:05:22,FT-101,LOW,CLEARED,21.14,,NUMERIC
4663,2026-09-13 20:35:22,TT-101,NORMAL,LOW,69.05,CLEARED,2026-09-13 20:35:22,TT-101,LOW,CLEARED,69.05,,NUMERIC
4680,,LT-101,NORMAL,LOW,,CLEARED,32/15/2026 25:99:99,LT-101,LOW,CLEARED,,INVALID_TIMESTAMP;MISSING_VALUE,NULL
4731,2026-09-07 03:19:09,P-101,NORMAL,LOW,RUNNING,CLEARED,2026-09-07 03:19:09,P-101,LOW,CLEARED,RUNNING,INVALID_NUMERIC_VALUE,STATE
4852,2026-09-04 19:03:42,LT-101,NORMAL,LOW,60.51,CLEARED,2026-09-04 19:03:42,LT-101,LOW,CLEARED,60.51,,NUMERIC
4936,,P-102,NORMAL,LOW,RUNNING,CLEARED,32/15/2026 25:99:99,P-102,LOW,CLEARED,RUNNING,INVALID_TIMESTAMP;INVALID_NUMERIC_VALUE,STATE
4949,2026-09-06 16:47:57,V-101,NORMAL,LOW,76.98,CLEARED,2026-09-06 16:47:57,V-101,LOW,CLEARED,76.98,,NUMERIC
4977,2026-09-27 00:30:07,P-101,NORMAL,LOW,RUNNING,CLEARED,2026-09-27 00:30:07,P-101,LOW,CLEARED,RUNNING,INVALID_NUMERIC_VALUE,STATE
5083,2026-09-04 05:21:18,LT-101,NORMAL,LOW,57.56,CLEARED,2026-09-04 05:21:18,LT-101,LOW,CLEARED,57.56,,NUMERIC
5161,2026-09-03 17:54:12,V-101,NORMAL,LOW,10.8,CLEARED,2026-09-03 17:54:12,V-101,LOW,CLEARED,10.8,,NUMERIC
5295,2026-09-03 14:46:56,TT-101,NORMAL,LOW,56.38,CLEARED,2026-09-03 14:46:56,TT-101,LOW,CLEARED,56.38,,NUMERIC
5306,2026-09-08 10:25:51,P-102,NORMAL,LOW,RUNNING,CLEARED,2026-09-08 10:25:51,P-102,LOW,CLEARED,RUNNING,INVALID_NUMERIC_VALUE,STATE
5355,2026-09-20 12:37:26,TT-101,NORMAL,LOW,66.03,CLEARED,2026-09-20 12:37:26,TT-101,LOW,CLEARED,66.03,,NUMERIC
5380,2026-09-19 03:03:59,P-101,NORMAL,LOW,STOPPED,CLEARED,2026-09-19 03:03:59,P-101,LOW,CLEARED,STOPPED,INVALID_NUMERIC_VALUE,STATE
5455,2026-09-30 22:49:23,LT-101,NORMAL,LOW,56.46,CLEARED,2026-09-30 22:49:23,LT-101,LOW,CLEARED,56.46,,NUMERIC
5499,2026-09-19 20:49:03,FT-101,NORMAL,LOW,35.42,CLEARED,2026-09-19 20:49:03,FT-101,LOW,CLEARED,35.42,,NUMERIC
5532,2026-09-24 14:23:37,TT-101,NORMAL,LOW,53.36,CLEARED,2026-09-24 14:23:37,TT-101,LOW,CLEARED,53.36,,NUMERIC
5599,,P-101,NORMAL,LOW,RUNNING,CLEARED,,P-101,LOW,CLEARED,RUNNING,INVALID_TIMESTAMP;INVALID_NUMERIC_VALUE,STATE
5784,2026-09-21 22:17:00,P-101,NORMAL,LOW,RUNNING,CLEARED,"Sep 21, 2026 22:17",P-101,LOW,CLEARED,RUNNING,INVALID_NUMERIC_VALUE,STATE
5922,,PT-101,NORMAL,LOW,,CLEARED,,PT-101,LOW,CLEARED,ERROR,INVALID_TIMESTAMP;MISSING_VALUE,NULL
5984,2026-09-27 21:47:14,P-101,NORMAL,LOW,STOPPED,CLEARED,2026-09-27 21:47:14,P-101,LOW,CLEARED,STOPPED,INVALID_NUMERIC_VALUE,STATE
6094,2026-09-06 01:47:58,TT-101,NORMAL,LOW,59.75,CLEARED,2026-09-06 01:47:58,TT-101,LOW,CLEARED,59.75,,NUMERIC
6158,2026-09-10 04:21:59,PT-101,NORMAL,LOW,5.84,CLEARED,2026-09-10 04:21:59,PT-101,LOW,CLEARED,5.84,,NUMERIC
6161,2026-09-03 07:08:56,LT-101,NORMAL,LOW,60.1,CLEARED,2026-09-03 07:08:56,LT-101,LOW,CLEARED,60.1,,NUMERIC
6235,2026-09-01 03:10:40,V-101,NORMAL,LOW,41.33,CLEARED,2026-09-01 03:10:40,V-101,LOW,CLEARED,41.33,,NUMERIC
6268,2026-09-26 04:10:46,FT-101,NORMAL,LOW,28.25,CLEARED,2026-09-26 04:10:46,FT-101,LOW,CLEARED,28.25,,NUMERIC
6364,2026-09-19 22:17:05,V-101,NORMAL,LOW,17.71,CLEARED,2026-09-19 22:17:05,V-101,LOW,CLEARED,17.71,,NUMERIC
6383,2026-09-08 18:26:43,FT-101,NORMAL,,35.1,CLEARED,2026-09-08 18:26:43,FT-101,,CLEARED,35.1,INVALID_SEVERITY,NUMERIC
6438,2026-09-08 14:02:13,P-101,NORMAL,LOW,RUNNING,CLEARED,2026-09-08 14:02:13,P-101,LOW,CLEARED,RUNNING,INVALID_NUMERIC_VALUE,STATE
6518,2026-09-30 09:23:14,LT-101,NORMAL,LOW,56.81,CLEARED,2026-09-30 09:23:14,LT-101,LOW,CLEARED,56.81,,NUMERIC
6550,2026-09-04 19:21:12,PT-101,NORMAL,LOW,5.86,CLEARED,2026-09-04 19:21:12,PT-101,LOW,CLEARED,5.86,,NUMERIC
6575,2026-09-19 04:05:38,FT-101,NORMAL,LOW,24.24,CLEARED,2026-09-19 04:05:38,FT-101,LOW,CLEARED,24.24,,NUMERIC
6600,2026-09-11 19:44:03,V-101,NORMAL,LOW,72.64,CLEARED,2026-09-11 19:44:03,V-101,LOW,CLEARED,72.64,,NUMERIC
6843,2026-09-11 17:48:56,M-101,HIGH_CURRENT,HIGH,47.3,ACTIVE,2026-09-11 17:48:56,M-101,HIGH,ACTIVE,47.3,,NUMERIC
6857,2026-09-23 11:43:21,PT-101,NORMAL,LOW,4.2,CLEARED,2026-09-23 11:43:21,PT-101,LOW,CLEARED,4.2,,NUMERIC
6871,2026-09-13 02:02:40,PT-101,NORMAL,LOW,5.69,CLEARED,2026-09-13 02:02:40,PT-101,LOW,CLEARED,5.69,,NUMERIC
7048,2026-09-23 16:36:27,LT-101,HIGH_LEVEL,CRITICAL,92.02,ACTIVE,2026-09-23 16:36:27,LT-101,CRITICAL,ACTIVE,92.02,,NUMERIC
7050,2026-09-07 00:20:32,FT-101,NORMAL,LOW,29.6,CLEARED,2026-09-07 00:20:32,FT-101,LOW,CLEARED,29.6,,NUMERIC
7206,2026-09-11 02:23:05,TT-101,NORMAL,LOW,59.95,CLEARED,2026-09-11 02:23:05,TT-101,LOW,CLEARED,59.95,,NUMERIC
7221,2026-09-04 06:31:37,LT-101,NORMAL,LOW,42.35,CLEARED,2026-09-04 06:31:37,LT-101,LOW,CLEARED,42.35,,NUMERIC
7298,2026-09-13 16:10:10,FT-101,NORMAL,LOW,38.81,CLEARED,2026-09-13 16:10:10,FT-101,LOW,CLEARED,38.81,,NUMERIC
7443,2026-09-16 22:26:57,V-101,NORMAL,LOW,96,CLEARED,2026-09-16 22:26:57,V-101,LOW,CLEARED,96.0,,NUMERIC
7465,2026-09-15 02:48:32,P-101,NORMAL,LOW,RUNNING,CLEARED,2026-09-15 02:48:32,P-101,LOW,CLEARED,RUNNING,INVALID_NUMERIC_VALUE,STATE
7563,2026-09-09 04:12:11,FT-101,NORMAL,LOW,37,CLEARED,2026-09-09 04:12:11,FT-101,LOW,CLEARED,37.0,,NUMERIC
7598,2026-09-24 03:43:18,LT-101,NORMAL,LOW,63.03,CLEARED,2026-09-24 03:43:18,LT-101,LOW,CLEARED,63.03,,NUMERIC
7754,2026-09-06 05:57:40,FT-101,NORMAL,LOW,20.96,CLEARED,2026-09-06 05:57:40,FT-101,LOW,CLEARED,20.96,,NUMERIC
7852,2026-09-11 06:52:11,P-101,NORMAL,LOW,RUNNING,CLEARED,2026-09-11 06:52:11,P-101,LOW,CLEARED,RUNNING,INVALID_NUMERIC_VALUE,STATE
7884,2026-09-29 00:50:45,PT-101,NORMAL,LOW,5.12,CLEARED,2026-09-29 00:50:45,PT-101,LOW,CLEARED,5.12,,NUMERIC
7983,2026-09-26 12:22:45,LT-101,NORMAL,LOW,41.32,CLEARED,2026-09-26 12:22:45,LT-101,LOW,CLEARED,41.32,,NUMERIC
8024,,TT-101,NORMAL,LOW,,CLEARED,32/15/2026 25:99:99,TT-101,LOW,CLEARED,N/A,INVALID_TIMESTAMP;MISSING_VALUE,NULL
8071,,PT-101,NORMAL,LOW,,CLEARED,32/15/2026 25:99:99,PT-101,LOW,CLEARED,ERROR,INVALID_TIMESTAMP;MISSING_VALUE,NULL
8081,2026-09-27 05:29:30,M-101,NORMAL,LOW,30.87,CLEARED,2026-09-27 05:29:30,M-101,LOW,CLEARED,30.87,,NUMERIC
8105,2026-09-28 04:33:11,PT-101,NORMAL,LOW,6.57,CLEARED,2026-09-28 04:33:11,PT-101,LOW,CLEARED,6.57,,NUMERIC
8172,2026-09-26 08:41:15,LT-101,NORMAL,LOW,53.21,CLEARED,2026-09-26 08:41:15,LT-101,LOW,CLEARED,53.21,,NUMERIC
8212,2026-09-26 11:41:07,LT-101,HIGH_LEVEL,UNKNOWN,95.86,ACKNOWLEDGED,2026-09-26 11:41:07, LT-101 ,UNKNOWN,ACKNOWLEDGED,95.86,INVALID_SEVERITY,NUMERIC
8232,2026-09-07 02:04:07,PT-101,NORMAL,LOW,6.46,CLEARED,2026-09-07 02:04:07,PT-101,LOW,CLEARED,6.46,,NUMERIC
8407,2026-09-13 19:03:51,LT-101,NORMAL,LOW,60.46,CLEARED,2026-09-13 19:03:51,LT-101,LOW,CLEARED,60.46,,NUMERIC
8543,2026-09-24 12:58:35,V-101,NORMAL,LOW,18.13,CLEARED,2026-09-24 12:58:35,V-101,LOW,CLEARED,18.13,,NUMERIC
8544,2026-09-22 04:07:24,V-101,NORMAL,LOW,71.73,CLEARED,2026-09-22 04:07:24,V-101,LOW,CLEARED,71.73,,NUMERIC
8548,2026-09-08 17:13:19,P-101,NORMAL,LOW,RUNNING,CLEARED,2026-09-08 17:13:19,P-101,LOW,CLEARED,RUNNING,INVALID_NUMERIC_VALUE,STATE
8573,2026-09-07 12:51:36,FT-101,HIGH_FLOW,HIGH,58.69,ACTIVE,2026-09-07 12:51:36,FT-101,HIGH,ACTIVE,58.69,,NUMERIC
8589,,P-101,NORMAL,LOW,RUNNING,CLEARED,not-a-date,P-101,LOW,CLEARED,RUNNING,INVALID_TIMESTAMP;INVALID_NUMERIC_VALUE,STATE
8752,2026-09-10 03:22:04,M-101,NORMAL,LOW,1.9,CLEARED,2026-09-10 03:22:04,M-101,LOW,CLEARED,1.9,,NUMERIC
8770,2026-09-28 03:56:37,M-101,NORMAL,LOW,33.97,CLEARED,2026-09-28 03:56:37,M-101,LOW,CLEARED,33.97,,NUMERIC
8836,,P-101,NORMAL,LOW,RUNNING,CLEARED,32/15/2026 25:99:99,P-101,LOW,CLEARED,RUNNING,INVALID_TIMESTAMP;INVALID_NUMERIC_VALUE,STATE
9003,2026-09-28 09:08:26,FT-101,NORMAL,LOW,25.36,CLEARED,2026-09-28 09:08:26,FT-101,LOW,CLEARED,25.36,,NUMERIC
9142,2026-09-10 05:47:13,P-101,NORMAL,LOW,RUNNING,CLEARED,2026-09-10 05:47:13,P-101,LOW,CLEARED,RUNNING,INVALID_NUMERIC_VALUE,STATE
9174,2026-09-02 11:01:55,TT-101,NORMAL,LOW,71.77,CLEARED,2026-09-02 11:01:55,TT-101,LOW,CLEARED,71.77,,NUMERIC
9306,2026-09-17 23:07:34,PT-101,NORMAL,LOW,,CLEARED,2026-09-17 23:07:34,PT 101,LOW,CLEARED,N/A,MISSING_VALUE,NULL
9491,2026-09-30 14:24:11,P-102,NORMAL,LOW,RUNNING,CLEARED,2026-09-30 14:24:11,P-102,LOW,CLEARED,RUNNING,INVALID_NUMERIC_VALUE,STATE
9681,,P-101,NORMAL,LOW,RUNNING,CLEARED,not-a-date,P-101,LOW,CLEARED,RUNNING,INVALID_TIMESTAMP;INVALID_NUMERIC_VALUE,STATE
9688,2026-09-28 23:45:47,P-102,NORMAL,LOW,RUNNING,CLEARED,2026-09-28 23:45:47,P-102,LOW,CLEARED,RUNNING,INVALID_NUMERIC_VALUE,STATE
9728,2026-09-29 19:55:26,FT-101,NORMAL,LOW,24.79,CLEARED,2026-09-29 19:55:26,FT-101,LOW,CLEARED,24.79,,NUMERIC
9854,2026-09-20 03:32:12,P-101,PUMP_FAILURE,CRITICAL,STOPPED,CLEARED,2026-09-20 03:32:12,P-101,CRITICAL,CLEARED,STOPPED,,STATE
